<?xml version="1.0" encoding="UTF-8"?>
<!DOCTYPE plist PUBLIC "-//Apple//DTD PLIST 1.0//EN" "http://www.apple.com/DTDs/PropertyList-1.0.dtd">
<plist version="1.0">
<dict>
<%VersionInfoPListKeys%>
<%ExtraInfoPListKeys%>
<%StoryboardInfoPListKey%>
		<key>CFBundleDocumentTypes</key>
		<array>
			<dict>
				<key>CFBundleTypeName</key>
				<string>iOSDosyaDepolamaPaylasma dosyasi</string>
				<key>CFBundleTypeRole</key>
				<string>Editor</string>
				<key>LSHandlerRank</key>
				<string>Owner</string>
				<key>LSItemContentTypes</key>
				<array>
					<string>com.delphican.iOSDosyaDepolamaPaylasma.dnm</string>
				</array>
			</dict>
		</array>
		<key>UTExportedTypeDeclarations</key>
		 <array>
			<dict>
				<key>UTTypeDescription</key>
				<string>DNM dosyasi</string>
				<key>UTTypeTagSpecification</key>
				<dict>
					<key>public.filename-extension</key>
					<string>dnm</string>
					<key>public.mime-type</key>
					<string>application/vnd.sqlite3</string>
				</dict>
				<key>UTTypeConformsTo</key>
				<array>
					<string>public.data</string>
				</array>
				<key>UTTypeIdentifier</key>
				<string>com.delphican.iOSDosyaDepolamaPaylasma.dnm</string>
			</dict>
		</array>	
</dict>
</plist>
